Epsilon,Label,NumStableReLU,NumUniqueAP,Alpha Pattern Cover
0.001,0,90,43,0.9885193314198886
0.001,1,136,63,0.9870958172649066
0.001,2,58,31,0.9906008727760993
0.001,3,86,43,0.987440874245637
0.001,4,102,50,0.9864772338240329
0.001,5,65,39,0.98985427042981
0.001,6,107,38,0.9898614396755661
0.001,7,78,35,0.9910614525139665
0.001,8,118,52,0.9851307468808751
0.001,9,94,49,0.987056648176164
