Epsilon,Label,NumStableReLU,NumUniqueAP,Alpha Pattern Cover
0.001,0,74,5,0.9986493331082222
0.001,1,120,1,1.0
0.001,2,42,1,1.0
0.001,3,70,1,1.0
0.001,4,86,4,0.999486477233824
0.001,5,49,1,1.0
0.001,6,91,10,0.9959445758702264
0.001,7,62,1,1.0
0.001,8,102,5,0.9972654247137241
0.001,9,78,2,0.9998319045217684
