Epsilon,Label,NumStableReLU,NumUniqueAP,Alpha Pattern Cover
0.001,0,74,5,0.9989869998311667
0.001,1,120,5,0.9994067042420647
0.001,2,42,2,0.9998321584424303
0.001,3,70,3,0.9996737889414451
0.001,4,86,2,0.999828825744608
0.001,5,49,2,0.9998155321896329
0.001,6,91,4,0.9994930719837783
0.001,7,62,1,1.0
0.001,8,102,3,0.9996581780892155
0.001,9,78,4,0.9994957135653051
