Epsilon,Label,NumStableReLU,NumUniqueAP,Alpha Pattern Cover
0.001,0,74,6,0.9991558331926389
0.001,1,120,4,0.9995550281815485
0.001,2,42,2,0.9998321584424303
0.001,3,70,4,0.9995106834121676
0.001,4,86,7,0.9989729544676481
0.001,5,49,1,1.0
0.001,6,91,2,0.9998310239945928
0.001,7,62,4,0.9990422984836392
0.001,8,102,4,0.9994872671338233
0.001,9,78,3,0.9994957135653051
